,Feature1,Feature2,Feature3
0,0.025466962541360345,0.13045415903067245,0
1,0.20854742841225207,0.2079713896577996,0
2,0.3744828780401501,0.06334149146778763,0
3,0.10315665548666869,0.2569542703225307,1
4,0.032796542858541035,0.11060547673607944,0
5,0.2555495326610277,0.23067321278513025,1
