Feature1,Feature2,Feature3
0.54123,5.3217,A
,8.48391,A
7.9586,2.58393,
2.19231,10.4821,B
0.697,4.512,A
5.431,9.41,B
4.32,13.31,B
2.91,3.95,B
3.6532,8.23,A
8.2,12.14,B
