Feature1,Feature2,Feature3
0.54123,5.3217,A
,8.48391,A
7.9586,2.58393,
2.19231,10.4821,B
0.697,4.512,A
5.431,9.41,B
